# price
insert into price(price_id, amount, date_from, date_to, valute) values (1, 11, '2016-01-01', '2016-06-30', 'USD');
insert into price(price_id, amount, date_from, date_to, valute) values (2, 14, '2016-07-01', '2016-12-31', 'USD');
insert into price(price_id, amount, date_from, date_to, valute) values (3, 10, '2017-01-01', null, 'USD');


# type_of_risk
insert into type_of_risk(type_of_risk_id, code, name_en, name_srb, optional, two_or_more) values (1, "duration_ti", "Duration", "Trajanje", false, false);
insert into type_of_risk(type_of_risk_id, code, name_en, name_srb, optional, two_or_more) values (2, "region_ti", "Region", "Region", false, false);
insert into type_of_risk(type_of_risk_id, code, name_en, name_srb, optional, two_or_more) values (3, "number_of_people_ti", "Number of people", "Broj osoba", false, false);
insert into type_of_risk(type_of_risk_id, code, name_en, name_srb, optional, two_or_more) values (4, "age_ti", "Age", "Starost", false, false);
insert into type_of_risk(type_of_risk_id, code, name_en, name_srb, optional, two_or_more) values (5, "sport_ti", "Sport", "Sport", true, true);
insert into type_of_risk(type_of_risk_id, code, name_en, name_srb, optional, two_or_more) values (6, "max_amount_ti", "Max amount of insurance", "Najveća vrednost osiguranja", false, false);
insert into type_of_risk(type_of_risk_id, code, name_en, name_srb, optional, two_or_more) values (7, "surface_area_hi", "Surface area [m^2]", "Površina [m^2]", false, false);
insert into type_of_risk(type_of_risk_id, code, name_en, name_srb, optional, two_or_more) values (8, "age_hi", "Age", "Starost", false, false);
insert into type_of_risk(type_of_risk_id, code, name_en, name_srb, optional, two_or_more) values (9, "estimated_value_hi", "Estimated value", "Procenjena vrednost", false, false);
insert into type_of_risk(type_of_risk_id, code, name_en, name_srb, optional, two_or_more) values (10, "insurance_desc_hi", "Insurance description", "Opis osiguranja", false, false);
insert into type_of_risk(type_of_risk_id, code, name_en, name_srb, optional, two_or_more) values (11, "car_package_ci", "Packages", "Paketi", false, false);
insert into type_of_risk(type_of_risk_id, code, name_en, name_srb, optional, two_or_more) values (12, "duration_ci", "Duration", "Trajanje", false, false);
insert into type_of_risk(type_of_risk_id, code, name_en, name_srb, optional, two_or_more) values (13, "duration_hi", "Duration", "Trajanje", false, false);


# item
insert into item(item_id, code, coef, date_from, date_to, name_en, name_srb, type_of_risk) values (1, "any", 1, '2017-01-01', null, "Any", "Bilo koja", 1);
insert into item(item_id, code, coef, date_from, date_to, name_en, name_srb, type_of_risk) values (2, "AUT", 1, '2017-01-01', null, "Austria", "Austrija", 2);
insert into item(item_id, code, coef, date_from, date_to, name_en, name_srb, type_of_risk) values (3, "BEL", 4, '2017-01-01', null, "Belgium", "Belgija", 2);
insert into item(item_id, code, coef, date_from, date_to, name_en, name_srb, type_of_risk) values (4, "BGR", 3, '2017-01-01', null, "Bulgaria", "Bugarska", 2);
insert into item(item_id, code, coef, date_from, date_to, name_en, name_srb, type_of_risk) values (5, "BRA", 4, '2017-01-01', null, "Brazil", "Brazil", 2);
insert into item(item_id, code, coef, date_from, date_to, name_en, name_srb, type_of_risk) values (6, "CAN", 1, '2017-01-01', null, "Canada", "Kanada", 2);
insert into item(item_id, code, coef, date_from, date_to, name_en, name_srb, type_of_risk) values (7, "CHE", 1, '2017-01-01', null, "Switzerland", "Švajcarska", 2);
insert into item(item_id, code, coef, date_from, date_to, name_en, name_srb, type_of_risk) values (8, "CHN", 1, '2017-01-01', null, "Chine", "Kina", 2);
insert into item(item_id, code, coef, date_from, date_to, name_en, name_srb, type_of_risk) values (9, "CZE", 2, '2017-01-01', null, "Czech Republic", "Češka Republika", 2);
insert into item(item_id, code, coef, date_from, date_to, name_en, name_srb, type_of_risk) values (10, "DEU", 4, '2017-01-01', null, "Germany", "Nemačka", 2);
insert into item(item_id, code, coef, date_from, date_to, name_en, name_srb, type_of_risk) values (11, "ESP", 3, '2017-01-01', null, "Spain", "Španija", 2);
insert into item(item_id, code, coef, date_from, date_to, name_en, name_srb, type_of_risk) values (12, "EST", 2, '2017-01-01', null, "Estonia", "Estonija", 2);
insert into item(item_id, code, coef, date_from, date_to, name_en, name_srb, type_of_risk) values (13, "FIN", 1, '2017-01-01', null, "Finland", "Finska", 2);
insert into item(item_id, code, coef, date_from, date_to, name_en, name_srb, type_of_risk) values (14, "FRA", 4, '2017-01-01', null, "France", "Francuska", 2);
insert into item(item_id, code, coef, date_from, date_to, name_en, name_srb, type_of_risk) values (15, "GBR", 2, '2017-01-01', null, "United Kingdom", "Engleska", 2);
insert into item(item_id, code, coef, date_from, date_to, name_en, name_srb, type_of_risk) values (16, "HUN", 2, '2017-01-01', null, "Hungary", "Mađarska", 2);
insert into item(item_id, code, coef, date_from, date_to, name_en, name_srb, type_of_risk) values (17, "IND", 3, '2017-01-01', null, "India", "Indija", 2);
insert into item(item_id, code, coef, date_from, date_to, name_en, name_srb, type_of_risk) values (18, "ITA", 2, '2017-01-01', null, "Italy", "Italija", 2);
insert into item(item_id, code, coef, date_from, date_to, name_en, name_srb, type_of_risk) values (19, "JPN", 1, '2017-01-01', null, "Japan", "Japan", 2);
insert into item(item_id, code, coef, date_from, date_to, name_en, name_srb, type_of_risk) values (20, "KOR", 2, '2017-01-01', null, "Korea Republic", "Južna Koreja", 2);
insert into item(item_id, code, coef, date_from, date_to, name_en, name_srb, type_of_risk) values (21, "LUX", 1, '2017-01-01', null, "Luxembourg", "Luksemburg", 2);
insert into item(item_id, code, coef, date_from, date_to, name_en, name_srb, type_of_risk) values (22, "NLD", 1, '2017-01-01', null, "The Netherlands", "Holandija", 2);
insert into item(item_id, code, coef, date_from, date_to, name_en, name_srb, type_of_risk) values (23, "POL", 2, '2017-01-01', null, "Poland", "Poljska", 2);
insert into item(item_id, code, coef, date_from, date_to, name_en, name_srb, type_of_risk) values (24, "PRT", 2, '2017-01-01', null, "Portugal", "Portugal", 2);
insert into item(item_id, code, coef, date_from, date_to, name_en, name_srb, type_of_risk) values (25, "ROU", 3, '2017-01-01', null, "Romania", "Rumunija", 2);
insert into item(item_id, code, coef, date_from, date_to, name_en, name_srb, type_of_risk) values (26, "RUS", 3, '2017-01-01', null, "Russian Federation", "Rusija", 2);
insert into item(item_id, code, coef, date_from, date_to, name_en, name_srb, type_of_risk) values (27, "SRB", 3, '2017-01-01', null, "Serbia", "Srbija", 2);
insert into item(item_id, code, coef, date_from, date_to, name_en, name_srb, type_of_risk) values (28, "SWE", 1, '2017-01-01', null, "Sweden", "Švedska", 2);
insert into item(item_id, code, coef, date_from, date_to, name_en, name_srb, type_of_risk) values (29, "TUR", 5, '2017-01-01', null, "Turkey", "Turska", 2);
insert into item(item_id, code, coef, date_from, date_to, name_en, name_srb, type_of_risk) values (30, "UKR", 4, '2017-01-01', null, "Ukraine", "Ukrajina", 2);
insert into item(item_id, code, coef, date_from, date_to, name_en, name_srb, type_of_risk) values (31, "USA", 2, '2017-01-01', null, "United States of America", "Sjedinjene Američke Države", 2);
insert into item(item_id, code, coef, date_from, date_to, name_en, name_srb, type_of_risk) values (32, "le_5", 1, '2017-01-01', null, "Five and less persons", "Do pet osoba (uključujući)", 3);
insert into item(item_id, code, coef, date_from, date_to, name_en, name_srb, type_of_risk) values (33, "gt_5", 0.9, '2017-01-01', null, "More than five persons", "Više od pet osoba", 3);
insert into item(item_id, code, coef, date_from, date_to, name_en, name_srb, type_of_risk) values (34, "lt_18", 1, '2017-01-01', null, "Less than 18 years", "Manje od 18 godina", 4);
insert into item(item_id, code, coef, date_from, date_to, name_en, name_srb, type_of_risk) values (35, "btw_18_65", 1, '2017-01-01', null, "Between 18 and 65 years", "Između 18 i 65 godina", 4);
insert into item(item_id, code, coef, date_from, date_to, name_en, name_srb, type_of_risk) values (36, "gt_65", 1, '2017-01-01', null, "More than 65 years", "Više od 65 godina", 4);
insert into item(item_id, code, coef, date_from, date_to, name_en, name_srb, type_of_risk) values (37, "football", 1.01, '2017-01-01', null, "Football", "Fudbal", 5);
insert into item(item_id, code, coef, date_from, date_to, name_en, name_srb, type_of_risk) values (38, "basketball", 1.01, '2017-01-01', null, "Basketball", "Kosarka", 5);
insert into item(item_id, code, coef, date_from, date_to, name_en, name_srb, type_of_risk) values (39, "skiing", 1.15, '2017-01-01', null, "Skiing", "Skijanje", 5);
insert into item(item_id, code, coef, date_from, date_to, name_en, name_srb, type_of_risk) values (40, "handball", 1.02, '2017-01-01', null, "Handball", "Rukomet", 5);
insert into item(item_id, code, coef, date_from, date_to, name_en, name_srb, type_of_risk) values (41, "1000usd", 1.5, '2017-01-01', null, "1000 $", "1000 $", 6);
insert into item(item_id, code, coef, date_from, date_to, name_en, name_srb, type_of_risk) values (42, "5000usd", 1.75, '2017-01-01', null, "5000 $", "5000 $", 6);
insert into item(item_id, code, coef, date_from, date_to, name_en, name_srb, type_of_risk) values (43, "10000usd", 2, '2017-01-01', null, "10000 $", "10000 $", 6);
insert into item(item_id, code, coef, date_from, date_to, name_en, name_srb, type_of_risk) values (44, "30000usd", 2.5, '2017-01-01', null, "30000 $", "30000 $", 6);
insert into item(item_id, code, coef, date_from, date_to, name_en, name_srb, type_of_risk) values (45, "le_50m2", 0.15, '2017-01-01', null, "Less than or equal to 50 m^2", "Manje ili jednako od 50 m^2", 7);
insert into item(item_id, code, coef, date_from, date_to, name_en, name_srb, type_of_risk) values (46, "gt_50m2", 0.25, '2017-01-01', null, "More than 50 m^2", "Više od 50 m^2", 7);
insert into item(item_id, code, coef, date_from, date_to, name_en, name_srb, type_of_risk) values (47, "le_10", 0.9, '2017-01-01', null, "Less than or equal to 10 years", "Manje ili jednako od 10 godina", 8);
insert into item(item_id, code, coef, date_from, date_to, name_en, name_srb, type_of_risk) values (48, "gt_10", 0.7, '2017-01-01', null, "More than 10 years", "Više od 10 godina", 8);
insert into item(item_id, code, coef, date_from, date_to, name_en, name_srb, type_of_risk) values (49, "all", 0.0001, '2017-01-01', null, "All", "Sve", 9);
insert into item(item_id, code, coef, date_from, date_to, name_en, name_srb, type_of_risk) values (50, "fire", 1.2, '2017-01-01', null, "Fire", "Požar", 10);
insert into item(item_id, code, coef, date_from, date_to, name_en, name_srb, type_of_risk) values (51, "flood", 1.1, '2017-01-01', null, "Flood", "Poplava", 10);
insert into item(item_id, code, coef, date_from, date_to, name_en, name_srb, type_of_risk) values (52, "burglary", 1.12, '2017-01-01', null, "Burglary", "Provala", 10);
insert into item(item_id, code, coef, date_from, date_to, name_en, name_srb, type_of_risk) values (53, "towing", 1.12, '2017-01-01', null, "Towing", "Šlepovanje", 11);
insert into item(item_id, code, coef, date_from, date_to, name_en, name_srb, type_of_risk) values (54, "accommodation", 1.1, '2017-01-01', null, "Accommodation", "Smeštaj", 11);
insert into item(item_id, code, coef, date_from, date_to, name_en, name_srb, type_of_risk) values (55, "repair", 1.11, '2017-01-01', null, "Repair", "Popravka", 11);
insert into item(item_id, code, coef, date_from, date_to, name_en, name_srb, type_of_risk) values (56, "transport", 1.01, '2017-01-01', null, "Transport", "Prevoz", 11);
insert into item(item_id, code, coef, date_from, date_to, name_en, name_srb, type_of_risk) values (57, "any", 1.25, '2017-01-01', null, "Any", "Bilo koja", 12);
insert into item(item_id, code, coef, date_from, date_to, name_en, name_srb, type_of_risk) values (58, "any", 1.5, '2017-01-01', null, "Any", "Bilo koja", 13);